timestamp,x,y,z
2024-08-22 19:53:33,-64.82,11.84,25.94
2024-08-22 19:56:36,0.0,-0.31,-0.12
2024-08-22 19:55:49,0.0,-0.37,-0.24
2024-08-22 19:54:22,0.06,-0.31,-0.18
2024-08-22 20:03:27,0.0,-0.24,-0.12
2024-08-22 20:02:11,0.06,-0.37,-0.24
2024-08-22 20:02:22,0.18,-0.37,-0.31
2024-08-22 20:08:15,0.06,-0.31,-0.18
2024-08-22 20:00:41,0.24,-0.49,-0.37
2024-08-22 19:57:26,-0.06,-0.24,-0.12
2024-08-22 20:11:09,0.12,-0.37,-0.31
2024-08-22 19:57:23,0.18,-0.37,-0.37
2024-08-22 20:00:06,0.12,-0.37,-0.37
2024-08-22 20:01:58,0.06,-0.18,-0.18
2024-08-22 20:00:27,0.06,-0.43,-0.24
2024-08-22 20:04:16,0.12,-0.37,-0.24
2024-08-22 20:08:10,0.06,-0.37,-0.24
2024-08-22 20:08:29,0.06,-0.37,-0.18
2024-08-22 20:11:16,0.12,-0.43,-0.31
2024-08-22 20:10:40,0.12,-0.37,-0.31
2024-08-22 20:09:11,-0.06,-0.31,-0.18
2024-08-22 20:09:27,0.06,-0.31,-0.24
2024-08-22 20:01:48,-0.06,-0.37,-0.18
2024-08-22 20:01:45,-0.12,-0.31,-0.06
2024-08-22 20:10:24,0.18,-0.31,-0.37
2024-08-22 20:12:14,0.06,-0.31,-0.24
2024-08-22 19:56:23,0.06,-0.31,-0.24
2024-08-22 20:02:54,0.0,-0.31,-0.18
2024-08-22 20:02:30,0.06,-0.31,-0.24
2024-08-22 20:00:43,0.12,-0.37,-0.31
2024-08-22 20:05:02,0.12,-0.43,-0.37
2024-08-22 20:10:00,-0.06,-0.31,-0.12
2024-08-22 20:06:16,0.12,-0.37,-0.31
2024-08-22 19:56:41,0.12,-0.31,-0.31
2024-08-22 19:55:16,0.18,-0.37,-0.31
2024-08-22 20:12:02,-0.06,-0.37,-0.18
2024-08-22 20:11:36,-0.12,-0.31,-0.06
2024-08-22 19:58:49,0.12,-0.43,-0.37
2024-08-22 19:54:04,-0.31,-0.31,0.12
2024-08-22 19:53:35,54.38,25.88,-24.72
2024-08-22 20:00:34,0.18,-0.37,-0.37
2024-08-22 19:56:08,-0.06,-0.31,-0.12
2024-08-22 20:02:12,0.12,-0.37,-0.31
2024-08-22 20:05:24,0.0,-0.37,-0.18
2024-08-22 19:59:42,0.06,-0.37,-0.24
2024-08-22 20:12:04,0.12,-0.37,-0.31
2024-08-22 20:09:59,0.0,-0.37,-0.24
2024-08-22 19:59:58,0.0,-0.37,-0.18
2024-08-22 20:06:08,-0.12,-0.31,-0.06
2024-08-22 20:09:43,0.12,-0.37,-0.31
2024-08-22 20:06:36,0.12,-0.37,-0.24
2024-08-22 19:55:45,0.12,-0.31,-0.24
2024-08-22 20:05:00,0.06,-0.43,-0.24
2024-08-22 19:57:27,0.0,-0.37,-0.18
2024-08-22 19:56:01,-0.12,-0.31,-0.06
2024-08-22 19:54:18,0.43,-0.31,-0.49
2024-08-22 19:53:32,0.06,-0.31,-0.24
2024-08-22 19:59:17,0.12,-0.31,-0.31
2024-08-22 20:04:49,0.06,-0.24,-0.18
2024-08-22 19:59:55,0.06,-0.31,-0.18
2024-08-22 19:54:06,-0.31,-0.31,0.12
2024-08-22 19:55:03,-0.24,-0.31,0.06
2024-08-22 20:05:14,0.12,-0.37,-0.31
2024-08-22 19:53:21,-0.18,-0.43,-0.12
2024-08-22 19:56:48,0.18,-0.43,-0.37
2024-08-22 19:54:27,0.06,-0.37,-0.24
2024-08-22 20:00:09,-0.06,-0.31,-0.12
2024-08-22 19:55:20,-0.12,-0.31,-0.06
2024-08-22 20:03:21,0.06,-0.43,-0.24
2024-08-22 20:04:29,0.06,-0.31,-0.18
2024-08-22 20:02:18,0.0,-0.37,-0.24
2024-08-22 20:04:56,0.18,-0.49,-0.43
2024-08-22 20:01:06,-0.24,-0.18,0.06
2024-08-22 19:58:15,0.06,-0.37,-0.24
2024-08-22 20:06:25,0.12,-0.37,-0.31
2024-08-22 20:02:19,0.18,-0.37,-0.37
2024-08-22 20:03:31,0.18,-0.37,-0.31
2024-08-22 20:02:43,-0.06,-0.31,-0.18
2024-08-22 20:06:05,0.12,-0.43,-0.37
2024-08-22 20:03:03,0.06,-0.37,-0.31
2024-08-22 20:00:03,0.06,-0.31,-0.24
2024-08-22 20:05:52,-0.12,-0.24,-0.06
2024-08-22 20:07:30,0.06,-0.37,-0.24
2024-08-22 20:10:42,0.06,-0.31,-0.24
2024-08-22 20:00:14,0.12,-0.43,-0.31
2024-08-22 20:08:49,0.0,-0.43,-0.18
2024-08-22 20:01:34,0.06,-0.37,-0.24
2024-08-22 19:53:15,-0.43,-0.49,0.0
2024-08-22 20:07:09,0.06,-0.31,-0.24
2024-08-22 19:57:40,0.06,-0.37,-0.24
2024-08-22 19:56:49,0.0,-0.31,-0.24
2024-08-22 19:57:05,-0.06,-0.31,-0.06
2024-08-22 20:01:19,-0.06,-0.31,-0.12
2024-08-22 20:01:27,0.06,-0.31,-0.24
2024-08-22 20:05:48,0.0,-0.31,-0.18
2024-08-22 19:59:00,0.37,-0.49,-0.55
2024-08-22 20:12:08,0.0,-0.31,-0.18
2024-08-22 20:01:15,0.24,-0.49,-0.49
2024-08-22 20:07:08,-0.06,-0.24,-0.12
2024-08-22 20:12:29,0.0,-0.37,-0.18
2024-08-22 19:54:34,0.06,-0.37,-0.24
2024-08-22 19:55:30,0.06,-0.37,-0.31
2024-08-22 20:12:07,15.56,-0.37,-0.31
2024-08-22 20:04:39,0.0,-0.37,-0.12
2024-08-22 20:00:52,-0.06,-0.37,-0.12
2024-08-22 20:09:31,0.06,-0.37,-0.31
2024-08-22 19:56:13,0.18,-0.43,-0.43
2024-08-22 19:57:29,0.12,-0.43,-0.31
2024-08-22 19:57:57,0.0,-0.31,-0.18
2024-08-22 20:07:39,0.12,-0.37,-0.31
2024-08-22 19:56:59,0.0,-0.31,-0.24
2024-08-22 20:10:31,0.18,-0.43,-0.43
2024-08-22 20:08:59,-0.06,-0.37,-0.18
2024-08-22 19:55:07,0.12,-0.37,-0.37
2024-08-22 20:05:38,0.18,-0.37,-0.37
2024-08-22 20:06:34,0.0,-0.37,-0.18
2024-08-22 19:54:28,0.18,-0.31,15.32
2024-08-22 19:53:57,0.18,-0.43,-0.37
2024-08-22 20:11:03,0.0,-0.31,-0.18
2024-08-22 20:08:36,0.12,-0.43,-0.31
2024-08-22 19:54:32,-0.06,-0.31,-0.18
2024-08-22 20:05:23,0.0,-0.31,-0.18
2024-08-22 20:02:56,0.0,-0.31,-0.18
2024-08-22 20:10:03,0.12,-0.43,-0.31
2024-08-22 19:58:26,0.0,-0.31,-0.18
2024-08-22 20:04:11,0.12,-0.37,-0.31
2024-08-22 20:04:03,-0.06,-0.37,-0.12
2024-08-22 20:00:02,-0.31,-0.31,0.06
2024-08-22 20:06:53,-0.18,-0.31,0.0
2024-08-22 20:10:47,0.06,-0.37,-0.24
2024-08-22 20:11:38,-0.06,-0.37,-0.12
2024-08-22 19:58:56,-0.06,-0.31,-0.18
2024-08-22 20:02:23,-0.12,-0.31,-0.06
2024-08-22 19:57:53,0.0,-0.31,-0.18
2024-08-22 19:53:05,0.0,-0.37,-0.18
2024-08-22 20:04:00,0.06,-0.37,-0.18
2024-08-22 19:58:22,-0.06,-0.31,-0.12
2024-08-22 20:02:58,0.24,-0.43,-0.37
2024-08-22 20:10:21,-0.18,-0.24,-0.06
2024-08-22 20:09:21,0.31,-0.49,-0.49
2024-08-22 20:05:31,-0.12,-0.31,-0.12
2024-08-22 19:55:27,0.06,-0.37,-0.24
2024-08-22 20:12:25,0.06,-0.37,-0.24
2024-08-22 19:56:09,0.12,-0.43,-0.37
2024-08-22 20:04:41,0.0,-0.37,-0.18
2024-08-22 20:03:04,0.0,-0.31,-0.12
2024-08-22 19:55:52,0.06,-0.24,-0.18
2024-08-22 20:05:58,0.0,-0.31,-0.24
2024-08-22 19:59:18,0.06,-0.31,-0.18
2024-08-22 20:00:49,-0.06,-0.31,-0.12
2024-08-22 20:09:28,-0.06,-0.37,-0.18
2024-08-22 20:03:20,0.0,-0.43,-0.18
2024-08-22 20:07:42,-0.18,-0.31,-0.06
2024-08-22 19:58:39,0.0,-0.31,-0.18
2024-08-22 20:11:27,-0.06,-0.31,-0.18
2024-08-22 19:55:09,0.12,-0.37,-0.31
2024-08-22 20:10:07,0.06,-0.37,-0.18
2024-08-22 19:54:38,-0.12,-0.37,-0.12
2024-08-22 19:57:43,0.0,-0.43,-0.24
2024-08-22 20:05:44,0.0,-0.37,-0.18
2024-08-22 19:57:56,0.06,-0.37,-0.24
2024-08-22 20:06:41,0.12,-0.37,-0.37
2024-08-22 19:59:56,0.06,-0.37,-0.24
2024-08-22 19:55:51,0.18,-0.37,-0.43
2024-08-22 19:57:47,0.24,-0.37,-0.43
2024-08-22 20:00:58,-0.18,-0.31,0.0
2024-08-22 20:05:59,-0.06,-0.31,-0.18
2024-08-22 20:09:04,0.18,-0.37,-0.37
2024-08-22 20:08:54,0.12,-0.31,-0.24
2024-08-22 19:53:10,-0.24,-0.43,-0.06
2024-08-22 20:06:18,0.06,-0.37,-0.24
2024-08-22 20:10:02,0.0,-0.37,-0.18
2024-08-22 19:59:15,-0.12,-0.31,-0.06
2024-08-22 20:03:38,0.06,-0.43,-0.24
2024-08-22 19:58:05,0.06,-0.31,-0.18
2024-08-22 19:53:56,-0.06,-0.31,-0.12
2024-08-22 20:01:47,0.06,-0.37,-0.24
2024-08-22 20:11:58,0.24,-0.61,-0.49
2024-08-22 20:11:47,-0.06,-0.37,-0.12
2024-08-22 20:06:29,0.12,-0.31,-0.31
2024-08-22 20:08:52,-0.06,-0.31,-0.12
2024-08-22 20:10:18,-0.06,-0.31,-0.12
2024-08-22 20:08:46,-0.06,-0.31,-0.12
2024-08-22 19:59:51,0.12,-0.43,-0.24
2024-08-22 19:59:07,0.12,-0.37,-0.31
2024-08-22 19:59:28,0.06,-0.37,-0.24
2024-08-22 19:57:31,0.06,-0.37,-0.24
2024-08-22 19:53:59,-0.18,-0.31,-0.06
2024-08-22 20:04:32,0.12,-0.31,-0.31
2024-08-22 20:12:09,0.0,-0.24,-0.18
2024-08-22 19:58:40,0.18,-0.37,-0.37
2024-08-22 20:06:13,0.0,-0.37,-0.24
2024-08-22 20:09:32,-0.12,-0.31,-0.12
2024-08-22 19:55:11,-0.06,-0.31,-0.12
2024-08-22 20:07:49,0.0,-0.37,-0.24
2024-08-22 20:08:01,0.0,-0.31,-0.18
2024-08-22 19:55:46,-0.43,-0.06,0.24
2024-08-22 20:07:14,0.12,-0.37,-0.31
2024-08-22 20:00:55,0.0,-0.31,-0.24
2024-08-22 20:03:07,-0.06,-0.31,-0.12
2024-08-22 19:54:24,0.18,-0.37,-0.31
2024-08-22 20:08:47,0.0,-0.31,-0.12
2024-08-22 20:11:05,0.0,-0.43,-0.18
2024-08-22 20:07:12,0.18,-0.43,-0.37
2024-08-22 20:08:31,-0.18,-0.31,0.0
2024-08-22 20:10:44,-0.06,-0.31,-0.12
2024-08-22 20:08:18,0.06,-0.31,-0.18
2024-08-22 19:55:02,-0.12,-0.31,-0.06
2024-08-22 20:07:53,-0.06,-0.24,-0.06
2024-08-22 20:09:45,0.06,-0.37,-0.24
2024-08-22 19:58:43,0.06,-0.37,-0.18
2024-08-22 20:11:57,0.12,-0.37,-0.31
2024-08-22 20:09:56,0.12,-0.43,-0.31
2024-08-22 20:11:59,-0.06,-0.37,-0.18
2024-08-22 20:06:20,-0.06,-0.31,-0.12
2024-08-22 19:59:20,0.0,-0.31,-0.18
2024-08-22 20:06:01,-0.12,-0.31,-0.06
2024-08-22 20:07:58,0.0,-0.37,-0.24
2024-08-22 20:09:18,0.0,-0.37,-0.18
2024-08-22 20:03:36,0.0,-0.31,-0.12
2024-08-22 19:58:18,0.0,-0.37,-0.18
2024-08-22 20:10:27,-0.12,-0.24,-0.06
2024-08-22 19:57:24,-0.06,-0.31,-0.12
2024-08-22 20:01:30,0.06,-0.43,-0.31
2024-08-22 20:03:59,0.18,-0.37,-0.37
2024-08-22 20:04:34,-0.06,-0.31,-0.12
2024-08-22 19:55:31,-0.18,-0.31,-0.06
2024-08-22 20:00:05,0.0,-0.12,-0.18
2024-08-22 19:59:49,0.0,-0.24,-0.12
2024-08-22 19:55:41,-0.06,-0.31,-0.18
2024-08-22 19:56:15,0.06,-0.37,-0.24
2024-08-22 20:06:02,0.18,-0.37,-0.37
2024-08-22 20:02:26,0.0,-0.31,-0.12
2024-08-22 20:02:32,0.0,-0.24,-0.18
2024-08-22 20:05:04,0.0,-0.24,-0.12
2024-08-22 20:11:23,0.12,-0.31,-0.31
2024-08-22 20:12:28,0.06,-0.31,-0.31
2024-08-22 20:08:53,0.0,-0.37,-0.18
2024-08-22 20:11:15,0.06,-0.31,-0.18
2024-08-22 19:57:44,0.31,-0.37,-0.37
2024-08-22 19:59:11,0.31,-0.49,-0.43
2024-08-22 20:00:48,0.67,-0.55,-0.79
2024-08-22 20:01:54,0.18,-0.43,-0.31
2024-08-22 20:02:15,0.0,-0.31,-0.18
2024-08-22 20:02:25,-0.06,-0.31,-0.12
2024-08-22 20:08:04,0.18,-0.43,-0.37
2024-08-22 19:56:47,-0.06,-0.31,-0.12
2024-08-22 20:08:28,0.06,-0.43,-0.31
2024-08-22 19:57:41,-0.06,-0.43,-0.18
2024-08-22 20:01:44,0.0,-0.24,-0.12
2024-08-22 19:57:22,-0.12,-0.31,-0.06
2024-08-22 20:09:38,0.0,-0.37,-0.24
2024-08-22 20:08:50,0.12,-0.37,-0.31
2024-08-22 19:56:52,-0.24,-0.31,0.0
2024-08-22 19:56:40,-0.12,-0.37,-0.12
2024-08-22 20:00:31,0.24,-0.37,-0.43
2024-08-22 20:01:43,-0.12,-0.31,-0.12
2024-08-22 20:00:44,-0.18,-0.24,0.0
2024-08-22 20:09:53,0.12,-0.37,-0.31
2024-08-22 20:00:54,-0.12,-0.31,-0.06
2024-08-22 19:53:49,-0.12,-0.37,-0.06
2024-08-22 20:10:20,0.06,-0.31,-0.24
2024-08-22 20:11:02,0.18,-0.31,-0.31
2024-08-22 20:07:47,-0.12,-0.31,-0.06
2024-08-22 20:05:29,0.06,-0.37,-0.24
2024-08-22 20:12:23,0.0,-0.31,-0.18
2024-08-22 20:03:39,-0.18,-0.18,0.06
2024-08-22 20:06:48,0.18,-0.43,-0.31
2024-08-22 20:07:15,-0.06,-0.31,-0.18
2024-08-22 20:08:38,-0.06,-0.31,-0.12
2024-08-22 20:07:23,0.0,-0.31,-0.18
2024-08-22 19:57:54,-0.06,-0.31,-0.12
2024-08-22 20:02:13,0.06,-0.37,-0.24
2024-08-22 20:09:39,-0.18,-0.24,0.0
2024-08-22 20:11:44,0.18,-0.43,-0.31
2024-08-22 20:01:55,0.12,-0.43,-0.31
2024-08-22 20:07:19,0.18,-0.37,-0.37
2024-08-22 19:55:54,0.12,-0.37,-0.31
2024-08-22 19:58:50,-0.06,-0.31,-0.18
2024-08-22 20:04:10,-0.12,-0.31,-0.12
2024-08-22 20:00:35,0.24,-0.49,-0.43
2024-08-22 20:04:50,0.0,-0.37,-0.18
2024-08-22 19:56:30,0.12,-0.37,-0.31
2024-08-22 19:58:45,-0.12,-0.31,-0.12
2024-08-22 20:11:51,0.31,-0.55,-0.49
2024-08-22 19:57:06,0.24,-0.43,-0.43
2024-08-22 19:57:51,0.06,-0.37,-0.18
2024-08-22 20:04:17,0.18,-0.37,-0.12
2024-08-22 19:55:25,-0.06,-0.31,-0.06
2024-08-22 20:00:17,-0.06,-0.31,-0.12
2024-08-22 20:10:59,0.12,-0.37,-0.31
2024-08-22 19:59:39,-0.06,-0.31,-0.12
2024-08-22 20:09:52,0.12,-0.37,-0.24
2024-08-22 20:08:57,0.0,-0.37,-0.18
2024-08-22 19:53:24,-0.31,-0.43,-0.06
2024-08-22 20:02:36,0.12,-0.37,-0.37
2024-08-22 20:06:51,0.0,-0.37,-0.24
2024-08-22 20:03:32,0.18,-0.49,-0.37
2024-08-22 20:02:47,0.0,-0.31,-0.18
2024-08-22 19:59:45,0.06,-0.43,-0.31
2024-08-22 20:06:43,0.18,-0.43,-0.37
2024-08-22 20:07:22,-0.06,-0.37,-0.12
2024-08-22 20:00:16,0.06,-0.43,-0.31
2024-08-22 20:02:06,0.18,-0.43,-0.37
2024-08-22 20:09:17,0.0,-0.31,-0.18
2024-08-22 20:02:05,0.0,-0.37,-0.12
2024-08-22 20:02:37,0.18,-0.43,-0.37
2024-08-22 19:59:24,-0.12,-0.18,0.0
2024-08-22 19:58:59,0.0,-0.31,-0.12
2024-08-22 19:53:19,-0.06,-0.31,-0.12
2024-08-22 20:00:24,-0.18,-0.24,-15.63
2024-08-22 20:10:35,-0.18,-0.18,0.06
2024-08-22 19:56:24,-0.06,-0.24,-0.12
2024-08-22 19:58:32,0.12,-0.31,-0.31
2024-08-22 19:59:43,0.31,-0.43,-0.43
2024-08-22 19:57:19,-0.06,-0.37,-0.18
2024-08-22 19:59:32,-0.06,-0.37,-0.18
2024-08-22 20:11:26,0.06,-0.31,-0.24
2024-08-22 20:12:11,0.0,-0.31,-0.18
2024-08-22 20:07:37,0.06,-0.37,-0.24
2024-08-22 20:09:03,0.12,-0.37,-0.31
2024-08-22 20:05:41,-0.06,-0.31,-0.18
2024-08-22 19:56:33,-0.06,-0.37,-0.12
2024-08-22 20:11:29,0.0,-0.37,-0.24
2024-08-22 20:12:26,0.12,-0.43,-0.37
2024-08-22 19:59:27,-0.06,-0.31,-0.12
2024-08-22 19:55:34,-0.12,-0.37,-0.12
2024-08-22 20:05:55,0.06,-0.37,-0.24
2024-08-22 19:58:46,0.06,-0.37,-0.24
2024-08-22 20:05:16,-0.06,-0.31,-0.18
2024-08-22 19:53:52,-15.44,-0.31,0.0
2024-08-22 19:55:28,0.24,-0.43,-0.37
2024-08-22 20:00:07,0.06,-0.31,-0.24
2024-08-22 20:03:11,-0.18,-0.24,0.0
2024-08-22 20:10:56,-0.06,-0.31,-0.12
2024-08-22 19:53:01,0.0,-0.31,-0.24
2024-08-22 19:53:54,0.12,-0.43,-0.37
2024-08-22 20:00:33,-0.49,0.73,0.49
2024-08-22 20:04:38,0.18,-0.43,-0.37
2024-08-22 20:00:23,0.31,-0.55,-0.55
2024-08-22 19:54:21,0.12,-0.31,-0.31
2024-08-22 19:55:37,0.06,-0.37,-0.24
2024-08-22 19:56:44,0.12,-0.31,-0.31
2024-08-22 19:59:41,0.06,-0.43,-0.37
2024-08-22 20:01:01,0.06,-0.31,-0.18
2024-08-22 19:58:24,0.18,-0.37,-0.31
2024-08-22 20:02:09,-0.06,-0.37,-0.24
2024-08-22 20:05:21,0.18,-0.43,-0.31
2024-08-22 20:11:10,0.18,-0.37,-0.31
2024-08-22 20:12:01,-0.37,0.0,0.24
2024-08-22 20:11:50,-0.06,-0.37,-0.12
2024-08-22 20:03:50,0.12,-0.37,-0.31
2024-08-22 20:11:55,-0.06,-0.31,-0.12
2024-08-22 19:57:09,0.12,-0.31,-0.31
2024-08-22 20:06:19,-0.06,-0.37,-0.12
2024-08-22 20:12:18,0.06,-0.37,-0.18
2024-08-22 20:10:45,0.06,-0.37,-0.31
2024-08-22 19:53:04,-0.06,-0.37,-0.18
2024-08-22 20:03:35,0.12,-0.37,-0.31
2024-08-22 20:06:15,0.12,-0.37,-0.31
2024-08-22 20:08:24,0.12,-0.37,-0.31
2024-08-22 20:09:55,0.06,-0.37,-0.24
2024-08-22 20:04:53,-0.12,-0.24,0.0
2024-08-22 20:10:52,0.0,-0.31,-0.18
2024-08-22 20:11:17,0.06,-0.31,-0.18
2024-08-22 20:01:59,0.0,-0.31,-0.18
2024-08-22 20:07:46,0.12,-0.43,-0.37
2024-08-22 20:05:07,0.06,-0.37,-0.24
2024-08-22 19:54:20,-0.12,-0.37,-0.12
2024-08-22 19:53:11,0.06,-0.37,-0.24
2024-08-22 19:59:10,0.18,-0.37,-0.43
2024-08-22 20:02:49,-0.12,-0.31,-0.06
2024-08-22 20:10:10,0.0,-0.37,-0.31
2024-08-22 20:05:30,-0.06,-0.31,-0.12
2024-08-22 19:58:28,-0.12,-0.24,-0.06
2024-08-22 19:58:17,-0.12,-0.24,-0.06
2024-08-22 20:05:20,0.18,-0.37,-0.37
2024-08-22 19:58:07,-0.06,-0.37,-0.12
2024-08-22 19:59:53,0.0,-0.31,-0.18
2024-08-22 20:05:34,0.24,-0.43,-0.31
2024-08-22 20:09:25,-0.06,-0.31,-0.12
2024-08-22 20:09:15,0.12,-0.43,-0.31
2024-08-22 20:07:43,0.06,-0.31,-0.24
2024-08-22 20:11:41,-0.06,-0.31,-0.12
2024-08-22 20:09:13,0.12,-0.43,-0.31
2024-08-22 20:08:03,0.24,-0.49,-0.49
2024-08-22 20:04:07,0.12,-0.31,-0.24
2024-08-22 19:59:35,0.06,-0.31,-0.24
2024-08-22 19:54:53,-0.12,-0.31,-0.12
2024-08-22 20:07:05,-0.12,-0.31,-0.06
2024-08-22 20:11:08,-0.12,-0.24,-0.12
2024-08-22 20:03:10,0.12,-0.43,-0.31
2024-08-22 20:03:34,0.0,-0.49,-0.18
2024-08-22 19:55:04,0.0,-0.37,-0.12
2024-08-22 20:03:18,-0.06,-0.31,-0.24
2024-08-22 20:11:43,0.12,-0.37,-0.24
2024-08-22 20:05:17,0.0,-0.31,-0.18
2024-08-22 20:01:22,0.06,-0.37,-0.24
2024-08-22 20:01:26,0.12,-0.43,-0.31
2024-08-22 19:55:00,0.0,-0.37,-0.24
2024-08-22 20:03:43,0.06,-0.37,-0.24
2024-08-22 20:09:10,0.0,-0.37,-0.24
2024-08-22 20:06:23,0.12,-0.37,-0.31
2024-08-22 19:57:48,0.0,-0.37,-0.18
2024-08-22 20:08:26,0.0,-0.37,-0.18
2024-08-22 20:00:26,0.0,-0.37,-0.12
2024-08-22 19:55:35,-0.12,-0.31,-0.12
2024-08-22 19:58:36,0.12,-0.37,-0.31
2024-08-22 20:03:22,0.24,-0.55,-0.49
2024-08-22 19:59:21,0.31,-0.31,-0.49
2024-08-22 19:57:37,0.0,-0.37,-0.12
2024-08-22 19:57:33,0.12,-0.37,-0.31
2024-08-22 20:05:36,-0.06,-0.31,-0.12
2024-08-22 20:02:34,-0.12,-0.43,-0.06
2024-08-22 20:04:48,0.0,-0.37,-0.18
2024-08-22 20:04:31,0.24,-0.37,-0.37
2024-08-22 20:03:42,0.06,-0.37,-0.37
2024-08-22 19:56:19,0.06,-0.43,-0.31
2024-08-22 20:10:16,-0.06,-0.31,-0.12
2024-08-22 19:54:48,-0.12,-0.31,0.0
2024-08-22 19:59:01,0.12,-0.37,-0.31
2024-08-22 20:00:47,-0.06,-0.24,-0.12
2024-08-22 20:08:22,0.18,-0.43,-0.37
2024-08-22 19:55:39,0.06,-0.37,-0.24
2024-08-22 20:03:49,-0.06,-0.31,-0.12
2024-08-22 20:07:33,0.12,-0.37,-0.24
2024-08-22 20:09:50,-0.06,-0.24,-0.12
2024-08-22 20:10:06,0.0,-0.31,-0.18
2024-08-22 19:55:56,-0.24,-0.31,0.0
2024-08-22 20:04:06,0.18,-0.37,-0.37
2024-08-22 20:05:06,-0.12,-0.24,-0.06
2024-08-22 19:57:08,-0.06,-0.31,-0.12
2024-08-22 20:03:17,0.06,-0.37,-0.24
2024-08-22 19:58:57,-0.12,-0.24,-0.06
2024-08-22 19:53:36,-33.69,15.63,-25.7
2024-08-22 20:12:16,0.0,-0.31,-0.18
2024-08-22 19:54:46,0.06,-0.31,-0.43
2024-08-22 20:04:04,0.0,-0.37,-0.18
2024-08-22 19:55:10,-0.18,-0.31,0.0
2024-08-22 20:01:02,0.18,-0.49,-0.37
2024-08-22 20:03:29,-0.24,-0.49,0.0
2024-08-22 20:04:21,0.0,-0.43,-0.18
2024-08-22 20:07:18,0.0,-0.37,-0.12
2024-08-22 19:57:10,0.12,-0.61,-0.31
2024-08-22 20:00:38,-0.12,-0.31,0.0
2024-08-22 19:57:02,0.31,-0.37,-0.43
2024-08-22 19:57:17,0.18,-0.55,-0.49
2024-08-22 20:04:55,0.0,-0.37,-0.18
2024-08-22 20:10:30,0.24,-0.37,-0.43
2024-08-22 20:11:06,0.06,-0.37,-0.24
2024-08-22 20:05:03,0.24,-0.31,-0.43
2024-08-22 20:06:32,-0.06,-0.24,-0.12
2024-08-22 20:06:46,-0.12,-0.31,-0.12
2024-08-22 20:03:57,-0.24,-0.24,0.0
2024-08-22 20:10:28,-0.24,-0.31,0.0
2024-08-22 19:55:06,0.0,-0.31,-0.18
2024-08-22 20:01:33,0.06,-0.49,-0.31
2024-08-22 19:55:42,-0.06,-0.37,-0.12
2024-08-22 20:01:40,0.12,-0.43,-0.31
2024-08-22 20:02:39,0.06,-0.31,-0.24
2024-08-22 20:02:44,-0.06,-0.31,-0.12
2024-08-22 19:58:10,0.06,-0.24,-0.18
2024-08-22 20:06:40,0.0,-0.37,-0.18
2024-08-22 19:57:01,0.0,-0.31,-0.18
2024-08-22 19:56:55,0.06,-0.43,-0.24
2024-08-22 19:59:22,-0.12,-0.31,-0.06
2024-08-22 20:05:18,0.06,-0.37,-0.24
2024-08-22 20:12:21,0.06,-0.43,-0.24
2024-08-22 20:10:37,-0.12,-0.24,-0.06
2024-08-22 19:54:13,-0.18,-0.31,0.0
2024-08-22 19:58:21,0.06,-0.31,-0.18
2024-08-22 20:07:28,0.24,-0.43,-0.43
2024-08-22 19:55:17,-0.18,-0.31,-0.06
2024-08-22 19:56:06,0.0,-0.37,-0.24
2024-08-22 20:09:46,-0.06,-0.24,-0.12
2024-08-22 20:08:32,-0.06,-0.31,-0.12
2024-08-22 19:57:15,0.0,-0.31,-0.18
2024-08-22 19:59:48,0.0,-0.37,-0.18
2024-08-22 20:00:59,0.24,-0.43,-0.43
2024-08-22 20:10:38,0.12,-0.43,-0.31
2024-08-22 20:07:01,0.12,-0.43,-0.37
2024-08-22 19:54:25,0.43,-0.37,-0.55
2024-08-22 19:53:03,-0.12,-0.37,-0.18
2024-08-22 20:09:01,0.06,-0.37,-0.31
2024-08-22 20:01:24,0.12,-0.37,-0.31
2024-08-22 20:04:02,-0.06,-0.31,-0.12
2024-08-22 20:01:12,0.18,-0.37,-0.43
2024-08-22 20:07:07,0.12,-0.37,-0.24
2024-08-22 20:03:15,0.18,-0.37,-0.37
2024-08-22 20:04:20,-0.18,-0.31,0.0
2024-08-22 19:54:56,0.0,-0.49,-0.24
2024-08-22 20:01:39,0.06,-0.37,-0.31
2024-08-22 19:53:14,0.06,-0.31,-0.24
2024-08-22 20:09:57,0.06,-0.31,-0.24
2024-08-22 20:09:14,0.18,-0.49,-0.43
2024-08-22 20:10:55,0.24,-0.43,-0.43
2024-08-22 19:56:54,-0.06,-0.31,-0.12
2024-08-22 19:57:39,0.06,-0.43,-0.31
2024-08-22 20:00:13,-0.06,-0.31,-0.12
2024-08-22 19:53:07,0.0,-0.31,-0.18
2024-08-22 20:02:42,-0.12,-0.24,-0.06
2024-08-22 19:57:03,-0.12,-0.31,-0.06
2024-08-22 20:08:42,0.06,-0.37,-0.31
2024-08-22 19:53:08,-0.06,-0.37,-0.12
2024-08-22 20:03:28,0.06,-0.55,-0.24
2024-08-22 20:10:14,0.06,-0.37,-0.18
2024-08-22 19:58:14,0.0,-0.31,-0.18
2024-08-22 20:03:41,-0.06,-0.24,-0.06
2024-08-22 20:01:13,-0.06,-0.37,-0.18
2024-08-22 19:58:54,0.12,-0.43,-0.37
2024-08-22 20:07:26,0.06,-0.43,-0.24
2024-08-22 20:03:52,0.12,-0.37,-0.31
2024-08-22 19:57:13,0.0,-0.37,-0.12
2024-08-22 20:10:41,0.0,-0.37,-0.18
2024-08-22 20:06:09,-0.12,-0.24,-0.12
2024-08-22 20:09:36,0.24,-0.43,-0.43
2024-08-22 20:10:48,0.12,-0.37,-0.31
2024-08-22 20:11:12,-0.18,-0.24,-0.06
2024-08-22 19:59:31,0.18,-0.37,-0.37
2024-08-22 19:54:01,0.24,-0.43,-0.43
2024-08-22 19:54:39,0.31,-0.43,-0.43
2024-08-22 19:53:38,0.12,0.18,-0.18
2024-08-22 19:58:11,0.18,-0.37,-0.31
2024-08-22 20:00:00,0.12,-0.37,-0.24
2024-08-22 20:07:04,-0.06,-0.31,-0.12
2024-08-22 20:00:12,-0.06,-0.31,-0.12
2024-08-22 20:07:11,0.12,-0.43,-0.24
2024-08-22 20:05:51,-0.06,-0.31,-0.12
2024-08-22 19:54:35,0.18,-0.37,-0.37
2024-08-22 19:57:34,-0.12,-0.31,-0.12
2024-08-22 20:08:11,-0.06,-0.31,-0.12
2024-08-22 20:10:51,-0.12,-0.24,-0.12
2024-08-22 19:56:16,-0.12,-0.24,-0.06
2024-08-22 20:11:13,-0.12,-0.24,-0.06
2024-08-22 20:03:25,-0.06,-0.37,-0.18
2024-08-22 20:11:48,0.0,-0.43,-0.18
2024-08-22 19:57:16,0.18,-0.37,-0.37
2024-08-22 20:04:52,0.0,-0.37,-0.24
2024-08-22 20:06:39,-0.06,-0.31,-0.12
2024-08-22 20:01:32,0.18,-0.37,-0.37
2024-08-22 19:59:08,0.18,-0.37,-0.37
2024-08-22 20:02:57,0.06,-0.37,-0.24
2024-08-22 20:11:31,0.06,-0.31,-0.18
2024-08-22 19:56:22,0.06,-0.37,-0.31
2024-08-22 19:56:34,0.12,-0.37,-0.31
2024-08-22 20:06:06,0.0,-0.31,-0.24
2024-08-22 20:01:37,0.06,-0.37,-0.31
2024-08-22 19:56:12,0.18,-0.43,-0.31
2024-08-22 20:08:21,0.12,-0.31,-0.31
2024-08-22 19:56:02,-0.06,-0.37,-0.12
2024-08-22 20:00:51,0.0,-0.37,-0.24
2024-08-22 20:03:00,0.0,-0.31,-0.18
2024-08-22 20:02:08,-0.12,-0.31,-0.12
2024-08-22 20:02:02,0.24,-0.43,-0.37
2024-08-22 20:08:35,0.18,-0.37,-0.37
2024-08-22 20:03:08,0.12,-0.37,-0.24
2024-08-22 20:00:45,-0.06,-0.37,-0.18
2024-08-22 20:01:17,0.06,-0.43,-0.31
2024-08-22 20:03:56,0.06,-0.31,-0.24
2024-08-22 20:04:27,0.0,-0.37,-0.24
2024-08-22 19:54:03,0.43,-0.24,-0.43
2024-08-22 20:09:35,0.12,-0.37,-0.37
2024-08-22 20:09:42,-0.06,-0.31,-0.18
2024-08-22 20:10:12,0.12,-0.37,-0.37
2024-08-22 19:58:53,-0.12,0.0,0.0
2024-08-22 20:10:23,0.06,-0.43,-0.24
2024-08-22 19:53:25,-0.18,-0.43,-0.12
2024-08-22 19:58:08,0.31,-0.43,-0.49
2024-08-22 19:54:59,0.06,-0.37,-0.24
2024-08-22 20:01:29,0.06,-0.37,-0.31
2024-08-22 19:54:11,-0.12,-0.31,-0.06
2024-08-22 20:06:50,0.06,-0.43,-0.24
2024-08-22 19:55:38,0.0,-0.37,-0.24
2024-08-22 20:01:16,0.12,-0.37,-0.31
2024-08-22 20:11:37,0.0,-0.37,-0.18
2024-08-22 19:55:48,0.12,-0.37,-0.24
2024-08-22 20:08:25,-0.18,-0.24,0.0
2024-08-22 19:53:26,-0.37,-0.43,0.06
2024-08-22 20:07:51,0.18,-0.49,-0.43
2024-08-22 20:02:51,0.18,-0.43,-0.37
2024-08-22 20:03:06,-0.12,-0.24,-0.06
2024-08-22 20:08:33,0.12,-0.31,-0.31
2024-08-22 19:53:46,0.31,-0.37,-0.43
2024-08-22 19:57:58,0.06,-0.37,-0.24
2024-08-22 20:06:30,0.18,-0.43,-0.37
2024-08-22 20:10:49,0.0,-0.31,-0.24
2024-08-22 19:53:39,0.55,-0.37,-0.61
2024-08-22 19:53:29,0.43,-0.24,-0.55
2024-08-22 19:55:59,0.18,-0.37,-0.37
2024-08-22 20:12:33,-0.06,-0.37,-0.31
2024-08-22 19:53:28,-0.18,-0.37,-0.06
2024-08-22 20:03:53,0.92,-1.04,-1.22
2024-08-22 20:07:56,0.06,-0.37,-0.24
2024-08-22 19:56:45,-0.18,-0.31,-0.06
2024-08-22 19:53:53,0.12,-0.31,-0.31
2024-08-22 20:06:55,0.12,-0.49,-0.49
2024-08-22 19:59:06,-0.12,-0.31,-0.06
2024-08-22 20:03:24,0.06,-0.43,-0.31
2024-08-22 20:09:08,-0.06,-0.31,-0.12
2024-08-22 20:00:56,0.06,-0.31,-0.37
2024-08-22 20:06:27,0.12,-0.43,-0.31
2024-08-22 19:59:14,0.18,-0.37,-0.31
2024-08-22 20:01:05,0.06,-0.37,-0.24
2024-08-22 20:01:50,0.0,-0.43,-0.24
2024-08-22 20:06:44,0.06,-0.37,-0.24
2024-08-22 20:07:40,-0.06,-0.31,-0.12
2024-08-22 20:08:45,0.06,-0.37,-0.24
2024-08-22 20:01:36,0.12,-0.43,-0.31
2024-08-22 19:56:10,0.18,-0.43,-0.37
2024-08-22 20:08:39,0.12,-0.31,-0.31
2024-08-22 19:53:31,0.12,-0.37,-0.31
2024-08-22 19:56:58,-0.12,-0.31,-0.06
2024-08-22 19:58:25,0.0,-0.37,-0.18
2024-08-22 20:10:09,0.12,-0.43,-0.37
2024-08-22 19:58:19,0.0,-0.24,-0.18
2024-08-22 20:04:45,0.18,-0.43,-0.31
2024-08-22 20:04:28,-0.12,-0.31,-0.06
2024-08-22 20:06:26,-0.12,-0.24,-0.12
2024-08-22 20:08:07,0.0,-0.31,-0.18
2024-08-22 20:06:11,-0.06,-0.37,-0.18
2024-08-22 20:10:05,0.06,-0.43,-0.24
2024-08-22 19:56:43,0.0,-0.31,-0.18
2024-08-22 19:56:20,0.31,-0.43,-0.49
2024-08-22 19:55:18,0.24,-0.43,-0.43
2024-08-22 19:53:17,0.06,-0.31,-0.24
2024-08-22 19:55:21,-0.37,-0.12,0.18
2024-08-22 20:09:22,-0.18,-0.31,0.0
2024-08-22 20:10:13,0.0,-0.31,-0.24
2024-08-22 20:01:09,0.06,-0.37,-0.24
2024-08-22 20:01:52,0.0,-0.37,-0.24
2024-08-22 20:04:09,0.06,-0.24,-0.24
2024-08-22 19:54:14,-0.18,-0.24,0.0
2024-08-22 19:54:15,0.24,-0.31,-0.49
2024-08-22 20:12:05,0.06,-0.37,-0.24
2024-08-22 20:11:24,0.06,-0.37,-0.24
2024-08-22 20:08:40,0.0,-0.37,-0.18
2024-08-22 19:54:55,0.24,-0.49,-0.43
2024-08-22 19:53:40,0.18,-0.31,-0.37
2024-08-22 19:54:08,-0.12,-0.31,-0.12
2024-08-22 20:11:52,-0.06,-0.31,-0.12
2024-08-22 19:58:04,0.06,-0.31,-0.24
2024-08-22 20:05:45,0.18,-0.37,-0.37
2024-08-22 19:54:42,-0.18,-0.31,-0.06
2024-08-22 20:01:03,0.31,-0.43,-0.43
2024-08-22 20:05:25,0.06,-0.37,-0.24
2024-08-22 20:09:00,0.12,-0.37,-0.31
2024-08-22 20:05:43,-0.12,-0.31,-0.06
2024-08-22 20:12:19,0.06,-0.37,-0.24
2024-08-22 20:04:46,0.06,-0.37,-0.24
2024-08-22 20:10:54,0.12,-0.37,-0.31
2024-08-22 20:07:36,-0.06,-0.31,-0.12
2024-08-22 20:05:11,-0.06,-0.31,-0.12
2024-08-22 20:11:40,0.31,-0.49,-0.55
2024-08-22 19:58:33,-0.06,-0.31,-0.12
2024-08-22 20:02:40,0.06,-0.31,-0.24
2024-08-22 19:56:37,0.06,-0.31,-0.24
2024-08-22 20:09:06,0.06,-0.37,-0.24
2024-08-22 19:55:14,-0.06,-0.31,-0.12
2024-08-22 20:04:57,-0.06,-0.31,-0.18
2024-08-22 20:06:12,0.0,-0.31,-0.24
2024-08-22 20:04:25,0.18,-0.37,-0.37
2024-08-22 19:56:31,0.06,-0.43,-0.24
2024-08-22 20:10:33,-0.06,-0.31,-0.31
2024-08-22 19:58:29,0.18,-0.43,-0.37
2024-08-22 19:59:04,-0.12,-0.31,-0.12
2024-08-22 19:56:17,0.12,-0.43,-0.31
2024-08-22 19:58:42,0.0,-0.31,-0.18
2024-08-22 20:01:57,0.0,-0.24,-0.12
2024-08-22 20:00:10,-0.06,-0.37,-0.12
2024-08-22 20:05:54,-0.06,-0.31,-0.12
2024-08-22 20:07:57,0.24,-0.49,-0.49
2024-08-22 20:05:33,0.12,-0.37,-0.31
2024-08-22 20:05:47,0.18,-0.43,-0.37
2024-08-22 20:00:40,0.06,-0.37,-0.24
2024-08-22 20:10:58,-0.12,-0.24,-0.12
2024-08-22 19:56:05,0.06,-0.37,-0.31
2024-08-22 19:54:41,0.12,-0.06,-0.18
2024-08-22 20:10:17,0.12,-0.31,-0.31
2024-08-22 19:56:56,0.18,-0.43,-0.43
2024-08-22 20:05:13,0.18,-0.37,-0.37
2024-08-22 20:07:50,0.0,-0.31,-0.18
2024-08-22 19:59:29,0.12,-0.43,-0.31
2024-08-22 19:54:58,0.18,-0.37,-0.37
2024-08-22 19:58:47,0.06,-0.37,-0.31
2024-08-22 20:06:58,0.06,-0.31,-0.24
2024-08-22 20:08:19,-0.06,-0.31,-0.12
2024-08-22 20:04:23,0.0,-0.37,-0.18
2024-08-22 20:00:19,-0.06,-0.55,-0.24
2024-08-22 19:54:30,-0.31,-0.31,0.0
2024-08-22 20:06:57,0.18,-0.49,-0.43
2024-08-22 20:04:36,0.12,-0.31,-0.31
2024-08-22 20:07:25,-0.06,-0.31,-0.18
2024-08-22 20:11:20,0.12,-0.37,-0.31
2024-08-22 20:09:20,0.18,-0.43,-0.37
2024-08-22 20:02:50,0.18,-0.43,-0.37
2024-08-22 19:57:36,-0.12,-0.31,-0.06
2024-08-22 20:09:07,-0.06,-0.37,-0.12
2024-08-22 20:01:51,-0.06,-0.31,-0.12
2024-08-22 19:57:20,-0.06,-0.31,-0.12
2024-08-22 19:58:38,0.0,-0.31,-0.18
2024-08-22 20:09:29,0.0,-0.37,-0.18
2024-08-22 19:55:13,-0.12,-0.31,-0.06
2024-08-22 20:00:28,0.06,-0.43,-0.31
2024-08-22 20:04:24,0.12,-0.37,-0.24
2024-08-22 20:05:37,0.0,-0.37,-0.12
2024-08-22 20:12:32,-0.12,-0.31,-0.12
2024-08-22 20:11:33,0.06,-0.37,-0.31
2024-08-22 20:09:49,-0.06,-0.31,-0.12
2024-08-22 20:09:41,-0.12,-0.31,-0.12
2024-08-22 20:12:12,0.06,-0.31,-0.24
2024-08-22 20:03:13,-0.06,-0.31,-0.06
2024-08-22 19:58:52,0.18,-0.49,-0.43
2024-08-22 20:00:37,0.0,-0.37,-0.24
2024-08-22 20:03:48,0.06,-0.43,-0.31
2024-08-22 20:06:47,-0.06,-0.37,-0.12
2024-08-22 19:58:35,0.06,-0.37,-0.24
2024-08-22 19:53:50,0.06,-0.37,-0.24
2024-08-22 19:59:38,0.06,-0.37,-0.24
2024-08-22 19:59:52,-0.12,-0.24,0.0
2024-08-22 20:02:20,0.24,-0.43,-0.43
2024-08-22 20:02:53,0.0,-0.31,-0.18
2024-08-22 20:04:42,0.06,-0.37,-0.18
2024-08-22 20:00:30,0.24,-0.43,-0.37
2024-08-22 20:03:14,0.0,-0.37,-0.12
2024-08-22 20:04:43,0.06,-0.37,-0.24
2024-08-22 19:57:30,0.18,-0.31,-0.37
2024-08-22 19:59:36,0.12,-0.37,-0.31
2024-08-22 19:54:10,0.0,-0.43,-0.24
2024-08-22 20:01:23,-0.06,-0.31,-0.12
2024-08-22 20:07:29,0.0,-0.37,-0.18
2024-08-22 20:01:10,0.12,-0.49,-0.37
2024-08-22 19:56:27,0.06,-0.37,-0.24
2024-08-22 19:53:47,0.31,-0.31,-0.43
2024-08-22 19:57:46,0.18,-0.37,-0.43
2024-08-22 19:59:25,0.0,-0.37,-0.18
2024-08-22 19:53:45,-0.12,-0.37,0.0
2024-08-22 20:08:43,-0.06,-0.31,-0.18
2024-08-22 20:04:18,-0.12,-0.24,-0.06
2024-08-22 20:11:45,0.12,-0.37,-0.24
2024-08-22 19:54:31,0.61,-0.31,-0.73
2024-08-22 19:56:03,0.06,-0.37,-0.31
2024-08-22 19:58:03,0.12,-0.49,-0.31
2024-08-22 20:01:41,0.24,-0.43,-0.43
2024-08-22 19:58:00,0.0,-0.37,-0.18
2024-08-22 20:12:15,0.0,-0.31,-0.18
2024-08-22 20:06:22,0.12,-0.31,-0.31
2024-08-22 20:08:14,0.0,-0.37,-0.18
2024-08-22 20:03:55,0.0,-0.37,-0.31
2024-08-22 20:11:19,0.18,-0.43,-0.37
2024-08-22 19:55:44,-0.12,-0.18,0.0
2024-08-22 20:08:56,-0.12,-0.31,-0.06
2024-08-22 20:06:04,0.12,-0.43,-0.37
2024-08-22 19:59:46,0.24,-0.55,-0.43
2024-08-22 20:04:35,0.0,-0.37,-0.12
2024-08-22 19:59:13,-0.18,-0.31,-0.06
2024-08-22 19:53:42,-0.06,-0.37,-0.12
2024-08-22 19:59:03,0.06,-0.31,-0.24
2024-08-22 20:11:30,0.0,-0.37,-0.18
2024-08-22 20:07:54,-0.12,-0.31,-0.06
2024-08-22 19:58:12,-0.06,-0.31,-0.12
2024-08-22 19:56:26,0.18,-0.43,-0.31
2024-08-22 19:55:23,0.0,-0.43,-0.37
2024-08-22 20:05:57,0.12,-0.37,-0.37
2024-08-22 19:53:22,-0.24,-0.37,-0.06
2024-08-22 19:54:51,0.12,-0.37,-0.37
2024-08-22 19:56:29,-0.06,-0.24,-0.12
2024-08-22 19:58:01,0.06,-0.37,-0.24
2024-08-22 20:11:22,0.0,-0.43,-0.31
2024-08-22 19:54:07,0.0,-0.31,-0.12
2024-08-22 19:56:38,-0.12,-0.31,0.0
2024-08-22 20:03:45,0.0,-0.31,-0.12
2024-08-22 19:58:31,-0.18,-0.31,0.0
2024-08-22 20:09:48,0.0,-0.31,-0.18
2024-08-22 19:53:12,0.06,-0.31,-0.24
2024-08-22 20:07:00,0.49,-0.73,-0.67
2024-08-22 20:07:35,-0.12,-0.31,-0.12
2024-08-22 20:12:30,-0.06,-0.31,-0.12
2024-08-22 20:01:20,-0.06,-0.37,-0.12
2024-08-22 20:07:21,0.06,-0.31,-0.24
2024-08-22 19:54:17,-0.12,-0.43,-0.12
2024-08-22 20:08:12,-0.06,-0.31,-0.06
2024-08-22 19:54:49,-0.24,-0.43,-0.06
2024-08-22 20:02:29,0.0,-0.31,-0.24
2024-08-22 20:05:10,0.0,-0.31,-0.12
2024-08-22 20:10:34,-0.12,-0.24,-0.06
2024-08-22 20:04:59,0.0,-0.43,-0.18
2024-08-22 20:00:21,0.37,-0.43,-0.49
2024-08-22 19:54:45,-0.06,-0.31,-0.12
2024-08-22 20:05:40,0.06,-0.37,-0.24
2024-08-22 20:04:13,-0.24,-0.12,0.06
2024-08-22 19:59:59,0.12,-0.37,-0.31
2024-08-22 20:10:25,0.0,-0.24,-0.18
2024-08-22 19:55:24,0.24,-0.43,-0.43
2024-08-22 20:03:01,0.12,-0.37,-0.31
2024-08-22 20:07:02,0.0,-0.37,-0.18
2024-08-22 20:02:01,-0.12,-0.31,-0.06
2024-08-22 20:07:16,-0.06,-0.31,-0.12
2024-08-22 20:02:16,0.0,-0.31,-0.18
2024-08-22 20:12:35,0.12,-0.37,-0.31
2024-08-22 20:04:14,0.06,-0.31,-0.18
2024-08-22 20:08:17,0.0,-0.31,-0.18
2024-08-22 20:11:54,0.0,-0.31,-0.18
2024-08-22 19:55:32,-0.12,-0.31,-0.06
2024-08-22 20:08:00,-0.12,-0.24,-0.06
2024-08-22 19:55:55,-0.06,-0.31,0.0
2024-08-22 20:02:04,-0.06,-0.31,-0.12
2024-08-22 20:09:34,0.0,-0.43,-0.31
2024-08-22 20:06:37,0.0,-0.31,-0.18
2024-08-22 19:57:50,0.24,-0.43,-0.43
2024-08-22 19:55:58,-0.06,-0.31,-0.12
2024-08-22 20:08:08,0.18,-0.37,-0.31
2024-08-22 19:54:44,0.31,-0.18,-0.49
2024-08-22 19:54:37,0.31,-0.31,-0.37
2024-08-22 20:05:09,0.06,-0.37,-0.31
2024-08-22 20:07:32,0.0,-0.43,-0.18
2024-08-22 20:05:50,-0.12,-0.31,-0.06
2024-08-22 20:12:22,0.06,-0.37,-0.18
2024-08-22 19:59:34,-0.12,-0.31,-0.12
2024-08-22 20:02:46,0.18,-0.37,-0.37
2024-08-22 20:11:34,0.06,-0.37,-0.18
2024-08-22 19:53:18,0.06,-0.37,-0.24
2024-08-22 20:08:05,0.0,-0.31,-0.24
2024-08-22 20:01:08,-0.12,-0.43,-0.12
2024-08-22 20:06:33,-0.06,-0.37,-0.12
2024-08-22 19:53:43,0.06,-0.37,-0.18
2024-08-22 20:07:44,0.24,-0.43,-0.37
2024-08-22 20:09:24,0.0,-0.37,-0.18
2024-08-22 20:05:27,0.18,-0.37,-0.37
2024-08-22 20:11:01,0.06,-0.37,-0.31
2024-08-22 20:02:27,0.06,-0.37,-0.24
2024-08-22 20:00:20,-0.06,-0.18,-0.12
2024-08-22 19:56:51,-0.18,-0.31,0.0
2024-08-22 19:54:00,-0.12,-0.31,0.0
2024-08-22 19:57:12,-0.06,-0.37,-0.24
2024-08-22 20:06:54,0.06,-0.37,-0.24
2024-08-22 20:03:46,-0.06,-0.31,-0.12
2024-08-22 20:02:33,-0.06,-0.37,-0.06
2024-08-22 19:54:52,-0.37,-0.37,0.12
